{
    "total": 215195,
    "status": 1,
    "pageTotal": 10760,
    "pageNo": 1,
    "data": [
        {
            "topicId": 1816808,
            "title": "PipingRock 美国进口液体钙+VD软胶囊1000mg/粒 100粒*2瓶",
            "shortTitle": "PipingRock 美国进口液体钙",
            "overdueStatus": 0,
            "showPicForApp": 0,
            "favoriteCount": 0,
            "goodCount": 0,
            "createName": "聚超值智能助手",
            "section": 0,
            "topSection": 0,
            "mallName": "天猫",
            "mallId": 5,
            "price": "49",
            "pubDate": 1531273860000,
            "createNamePrefix": "聚超值智能助手",
            "endTime": 0,
            "channelId": "9524",
            "imagesForList": [],
            "hasCoupon": 0,
            "cover": "https://img.pconline.com.cn/images/upload/upc/tx/pc_best/1807/11/c9/96761377_1531273507441.jpg",
            "hdCover": "",
            "isOfficialPurchasing": 0,
            "synopsis": "国际上目前通用的补钙产品目前分为液体钙和固体钙两种，但是固体钙必须经过胃酸分解，使钙从复合物中游离出来，释放成一种可溶解性离子状态，才能便于吸收。所以一般固体钙都会存在伤胃的隐患，并有产生气体、反胃等不适，相比而言，液体钙吸收更简单、更直接，更易吸收，安全性更高。 这款PipingRock液体钙+VD软胶囊通过FDA严苛的cGMP认证，液体钙好吸收，不伤胃，每份含1000mg钙和400iuVD协同壮骨，无任何添加剂，适合各类缺钙人群使用。 每日3粒，现在天猫pipingrock海外旗舰店售价99元，领",
            "artUrl": "http://best.pconline.com.cn/youhui/1816808.html",
            "showSource": 1,
            "couponPrice": 50,
            "bestBuyLink": "https://s.click.taobao.com/oNvuqOw"
        },
        {
            "topicId": 1816894,
            "title": "CDN 西顿 CDN-CDQ0601/Y 五合一浴霸 +凑单品",
            "shortTitle": "CDN 西顿 五合一浴霸",
            "overdueStatus": 0,
            "showPicForApp": 0,
            "favoriteCount": 0,
            "goodCount": 0,
            "createName": "误入凡尘202",
            "section": 0,
            "topSection": 0,
            "mallName": "京东",
            "mallId": 1,
            "price": "309",
            "pubDate": 1531273600000,
            "createNamePrefix": "误入凡尘202",
            "endTime": 0,
            "channelId": "9524",
            "imagesForList": [],
            "hasCoupon": 0,
            "cover": "https://img.pconline.com.cn/images/upload/upc/tx/pc_best/1807/11/c8/96760625_1531273163480.jpg",
            "hdCover": "",
            "isOfficialPurchasing": 0,
            "synopsis": "CDN 西顿 CDN-CDQ0601/Y 五合一浴霸，吸顶嵌入式，可实现开机3秒内快速加热，通过LED显示屏可调控温度，功能：超导风暖，开机三秒快速加热、LED照明，大口径出口换气吹风、液晶屏显，规格300*600mm，建议吊顶与流高度在190mm以上。 京东商城目前售价399元，凑单2件开关面板后，可享受3件75折的优惠，实付309.6元包邮，近期好价，正在选购浴霸的朋友不妨关注~",
            "artUrl": "http://best.pconline.com.cn/youhui/1816894.html",
            "showSource": 1,
            "couponPrice": 0,
            "bestBuyLink": "https://clickc.admaster.com.cn/c/a109109,b2604323,c166,i0,m101,8a1,8b2,h,uhttps://ccc-x.jd.com/dsp/cl?posid=1999&v=707&union_id=1000027280&pid=1134&tagid=100637&to=https://item.jd.com/2349627.html"
        },
        {
            "topicId": 1816876,
            "title": "ASUS 华硕 灵耀3 14英寸超极本电脑 (i5-7200U、8G、256GSSD、FHD IPS色彩屏)",
            "shortTitle": "ASUS 华硕 灵耀3 超极本",
            "overdueStatus": 0,
            "showPicForApp": 0,
            "favoriteCount": 0,
            "goodCount": 0,
            "createName": "误入凡尘202",
            "section": 0,
            "topSection": 0,
            "mallName": "京东",
            "mallId": 1,
            "price": "7499",
            "pubDate": 1531273525000,
            "createNamePrefix": "误入凡尘202",
            "endTime": 0,
            "channelId": "9524",
            "imagesForList": [],
            "hasCoupon": 0,
            "cover": "https://img.pconline.com.cn/images/upload/upc/tx/pc_best/1807/11/c8/96756099_1531272901841.jpg",
            "hdCover": "",
            "isOfficialPurchasing": 0,
            "synopsis": "灵耀 3在外观造型设计上变动不大，依旧采用刀锋轻薄机身设计，相比Apple MacBook的920g和MacBook Air的1350g，灵耀 3仅重910g，极为注重便携性，适合商务办公一族选择。配置方面，这款笔记本并未搭载Core M系列，而是采用注重性能的英特尔超低功耗U系Core i5、i7处理器，随后还将带来Core i3系列专攻低端市场。我们知道U系发热量上要高于CORE M，需主动散热搭配散热器，而在仅有的空间内，灵耀 3选择了一把3mm超薄风扇，非常静音高效。 该机搭载12.5英寸显示",
            "artUrl": "http://best.pconline.com.cn/youhui/1816876.html",
            "showSource": 1,
            "couponPrice": 0,
            "bestBuyLink": "https://clickc.admaster.com.cn/c/a109142,b2605045,c166,i0,m101,8a1,8b2,h,uhttps://ccc-x.jd.com/dsp/cl?posid=1999&v=707&union_id=1000023384&pid=1079&tagid=100637&to=https://item.jd.com/5216964.html"
        },
        {
            "topicId": 1816859,
            "title": "促销活动： 亚马逊中国 多品类促销",
            "shortTitle": "促销活动： 亚马逊中国 多品类促销",
            "overdueStatus": 0,
            "showPicForApp": 0,
            "favoriteCount": 0,
            "goodCount": 0,
            "createName": "聚超值节操君",
            "section": 0,
            "topSection": 0,
            "mallName": "亚马逊中国",
            "mallId": 4,
            "price": "155",
            "pubDate": 1531273512000,
            "createNamePrefix": "聚超值节操君",
            "endTime": 0,
            "channelId": "9524",
            "imagesForList": [],
            "hasCoupon": 0,
            "cover": "https://img.pconline.com.cn/images/upload/upc/tx/pc_best/1807/11/c8/96756611_1531272405865.jpg",
            "hdCover": "",
            "isOfficialPurchasing": 0,
            "synopsis": "亚马逊中国目前开展多品类都有参与的促销活动，活动力度为 Prime会员下单即8折（Prime会员可免费试用），活动时间从 7月9日至7月16日。参加活动的品牌多为象印、乐扣乐扣、欧乐B、飞利浦等饱受好评的品牌，8折后多款商品能做到近期低价，各位聚友不妨去会场看看~ 单品推荐： Philips 飞利浦 Sonicare Elite+充电式声波震动牙刷 HX3216/13亚马逊中国：￥189去看看 Philips 飞利浦 XZ580/04 星战系列剃须刀刮胡刀亚马逊中国：￥338去看看 Tiger虎牌 不锈",
            "artUrl": "http://best.pconline.com.cn/youhui/1816859.html",
            "showSource": 1,
            "couponPrice": 0,
            "bestBuyLink": "https://www.amazon.cn/gp/promotion/landingpage/A2D2QP2JMXFIEG?tag=pconlineapp1-23"
        },
        {
            "topicId": 1816893,
            "title": "SIMPLE MILL 复古行政图LED地球灯 25cm",
            "shortTitle": "SIMPLE MILL 地球灯",
            "overdueStatus": 0,
            "showPicForApp": 0,
            "favoriteCount": 0,
            "goodCount": 0,
            "createName": "fourx2003",
            "section": 0,
            "topSection": 0,
            "mallName": "讲究",
            "mallId": 0,
            "price": "269",
            "pubDate": 1531273318000,
            "createNamePrefix": "fourx2003",
            "endTime": 0,
            "channelId": "9524",
            "imagesForList": [],
            "hasCoupon": 0,
            "cover": "https://img.pconline.com.cn/images/upload/upc/tx/pc_best/1807/11/c8/96760024_1531273139140.jpg",
            "hdCover": "",
            "isOfficialPurchasing": 0,
            "synopsis": "SIMPLE MILL创立于2000年，是一个家居设计及经营日常生活用品品牌，业务覆盖了产品的各个阶段：设计、生产、销售，专注日常用品的发展和延伸，产品范围涵盖居家、旅行、办公、服饰等。 当你拿起放大镜，细细观察着你向往的国度、山脉、海洋。我想终有一日，我可以站在那里，这是一盏通往世界和梦想的灯。 产品采用高系数抗UV油墨，海德堡六色印刷机，确保了高清图面，清晰再现卫星航拍地貌，模拟度高；球体采用安全无毒，环保的高级耐冲击聚苯乙烯，保证不脆化，不氧化；表面覆进口珍珠雾膜，可用湿布擦拭表面，进行清洁；底",
            "artUrl": "http://best.pconline.com.cn/youhui/1816893.html",
            "showSource": 1,
            "couponPrice": 0,
            "bestBuyLink": "http://www.jjglobal.com/cnpt0046h17ss.html?code=5846783911f4d"
        },
        {
            "topicId": 1816852,
            "title": "ANTA 安踏 31724682 男童沙滩鞋",
            "shortTitle": "ANTA 安踏 男童沙滩鞋",
            "overdueStatus": 0,
            "showPicForApp": 0,
            "favoriteCount": 0,
            "goodCount": 0,
            "createName": "误入凡尘202",
            "section": 0,
            "topSection": 0,
            "mallName": "京东",
            "mallId": 1,
            "price": "89",
            "pubDate": 1531273284000,
            "createNamePrefix": "误入凡尘202",
            "endTime": 0,
            "channelId": "9524",
            "imagesForList": [],
            "hasCoupon": 0,
            "cover": "https://img.pconline.com.cn/images/upload/upc/tx/pc_best/1807/11/c7/96755641_1531272238896.jpg",
            "hdCover": "",
            "isOfficialPurchasing": 0,
            "synopsis": "安踏（ANTA）是安踏体育用品有限公司的知名体育用品品牌，1994年成立于福建泉州市晋江。主打运动鞋服系列，并通过赞助体育明星、专业赛事和运动队伍建立品牌形象。这款男童沙滩鞋大颗粒橡胶底（RB），防滑耐磨。魔术贴设计，方便穿脱，码数齐全。 京东商城目前报价89元，近期好价，有需要的家长可以入手~",
            "artUrl": "http://best.pconline.com.cn/youhui/1816852.html",
            "showSource": 1,
            "couponPrice": 0,
            "bestBuyLink": "https://clickc.admaster.com.cn/c/a109142,b2605045,c166,i0,m101,8a1,8b2,h,uhttps://ccc-x.jd.com/dsp/cl?posid=1999&v=707&union_id=1000023384&pid=1079&tagid=100637&to=https://item.jd.com/5004414.html"
        },
        {
            "topicId": 1815203,
            "title": "10点领券！促销活动： 京东 图书音像 勋章用户专享券",
            "shortTitle": "京东促销活动 图书音像专享券",
            "overdueStatus": 0,
            "showPicForApp": 0,
            "favoriteCount": 0,
            "goodCount": 0,
            "createName": "just2129",
            "section": 0,
            "topSection": 0,
            "mallName": "京东",
            "mallId": 1,
            "price": "260",
            "pubDate": 1531273203000,
            "createNamePrefix": "just2129",
            "endTime": 0,
            "channelId": "9524",
            "imagesForList": [],
            "hasCoupon": 0,
            "cover": "https://img.pconline.com.cn/images/upload/upc/tx/pc_best/1807/09/c42/96514680_1531123918723.jpg",
            "hdCover": "",
            "isOfficialPurchasing": 0,
            "synopsis": "京东商城一月一度的图书勋章券本日再次发放，活动时间为7月9日到7月15日，还是每日10点放券，四个级别，自营好书配合每满150-50的满减活动，最高可做到满300-160的促销力度；自营中小学教辅类图书还可每满100-50的满减活动，配合勋章券，最高可做到满400-260的促销力度。此外还有一个文学、社科、经管类图书每满100-50的满减活动，配合勋章券，最高也可做到满400-260的促销力度。对于有图书刚需的朋友来说，不妨先领券防身~ 小科普：对于还不了解该勋章等级划分的朋友，小编为大家为科普一下，勋章",
            "artUrl": "http://best.pconline.com.cn/youhui/1815203.html",
            "showSource": 1,
            "couponPrice": 0,
            "bestBuyLink": "https://clickc.admaster.com.cn/c/a109142,b2605045,c166,i0,m101,8a1,8b2,h,uhttps://ccc-x.jd.com/dsp/cl?posid=1999&v=707&union_id=1000023384&pid=1079&tagid=100637&to=https://sale.jd.com/act/d3jQcOWlPDB.html"
        },
        {
            "topicId": 1816861,
            "title": "Orico/奥睿科 usb分线器3.0 一拖四hub多接口转换器",
            "shortTitle": "奥睿科 usb分线器3.0 一拖四hub多接口转换器",
            "overdueStatus": 0,
            "showPicForApp": 0,
            "favoriteCount": 0,
            "goodCount": 0,
            "createName": "yanglingling00",
            "section": 0,
            "topSection": 0,
            "mallName": "天猫",
            "mallId": 5,
            "price": "45.9",
            "pubDate": 1531273182000,
            "createNamePrefix": "yanglingling00",
            "endTime": 0,
            "channelId": "9524",
            "imagesForList": [],
            "hasCoupon": 0,
            "cover": "https://img.pconline.com.cn/images/upload/upc/tx/pc_best/1807/11/c8/96758582_1531272598682.jpg",
            "hdCover": "",
            "isOfficialPurchasing": 0,
            "synopsis": "Orico/奥睿科 usb分线器3.0一拖四hub多接口转换器，创意全透明设计，一拖四，桌面拓展更便捷。4口均支持USB3.0高速传输，可同时快速充电。预留供电口，可带动大功率移动硬盘。底部加有防滑垫，桌面与设备双向保护。 目前天猫正进行暑期特惠活动，狂暑价45.9元，需要的聚友可以关注下~",
            "artUrl": "http://best.pconline.com.cn/youhui/1816861.html",
            "showSource": 1,
            "couponPrice": 0,
            "bestBuyLink": "https://detail.tmall.com/item.htm?spm=a21ag.7623864.0.0.4b983ba58f5uFv&id=556374896537"
        },
        {
            "topicId": 1816862,
            "title": "Simmons 席梦思 Beautyrest Smartmotion Base 1.0 电动可调节床架/床箱",
            "shortTitle": "席梦思 电动可调节床架/床箱",
            "overdueStatus": 0,
            "showPicForApp": 0,
            "favoriteCount": 0,
            "goodCount": 0,
            "createName": "fourx2003",
            "section": 0,
            "topSection": 0,
            "mallName": "西集网",
            "mallId": 301,
            "price": "11499",
            "pubDate": 1531273124000,
            "createNamePrefix": "fourx2003",
            "endTime": 0,
            "channelId": "9524",
            "imagesForList": [],
            "hasCoupon": 0,
            "cover": "https://img.pconline.com.cn/images/upload/upc/tx/pc_best/1807/11/c8/96758485_1531272596327.jpg",
            "hdCover": "",
            "isOfficialPurchasing": 0,
            "synopsis": "Simmons（席梦思）经过了近150年的发展，俨然成为了床垫厂商领域的佼佼者。Simmons的产品线中以Beautyrest、BackCare以及Beautyrest Black这三个系列进行划分。此款Beautyrest Smartmotion Base 1.0 电动床架，1.0状架结构，可方便调节头部和脚部角度，拥有睡眠记录Sleeptracker技术，高精度多阶式睡眠监测系统可以整晚捕捉精确的清醒时间，轻度、深度和快速眼动睡眠时间，揭晓完整的睡眠模式，并帮助寻找提高睡眠质量的方法。可配合专属AP",
            "artUrl": "http://best.pconline.com.cn/youhui/1816862.html",
            "showSource": 1,
            "couponPrice": 0,
            "bestBuyLink": "https://c.duomai.com/track.php?k=0MlAHd0hWP0ZSdv1DZpVXZmITN3ETPklWYmcTMyATMx0DZp9VZ0l2cmwWb0hmLxAjMxITL0NWdk9mcwZkMl02bj5SaqlGeuc3d3ZkMlYkMlE"
        },
        {
            "topicId": 1816860,
            "title": "KOTIN 京天 DIY台式主机（i7-8700、16G、256G、GX1080TI）",
            "shortTitle": "京天 DIY台式主机",
            "overdueStatus": 0,
            "showPicForApp": 0,
            "favoriteCount": 0,
            "goodCount": 0,
            "createName": "张宁1979",
            "section": 0,
            "topSection": 0,
            "mallName": "京东",
            "mallId": 1,
            "price": "15999",
            "pubDate": 1531273038000,
            "createNamePrefix": "张宁1979",
            "endTime": 0,
            "channelId": "9524",
            "imagesForList": [],
            "hasCoupon": 0,
            "cover": "https://img.pconline.com.cn/images/upload/upc/tx/pc_best/1807/11/c8/96757841_1531272436439.jpg",
            "hdCover": "",
            "isOfficialPurchasing": 0,
            "synopsis": "KOTIN 京天 台式机主机，搭载i7-8700处理器，采用ID-cooling水冷，显卡为IGAME GTX1080TI显卡，内存为海盗船复仇者16GB DDR4 2666MHz，硬盘为三星 256GB M.2固态硬盘，定位高端。主板为华硕ROG M10H，电源来自海盗船RM650X。 京东现在售价15999元包邮，定位高端，适合各种游戏，喜欢的聚友可以关注~",
            "artUrl": "http://best.pconline.com.cn/youhui/1816860.html",
            "showSource": 1,
            "couponPrice": 0,
            "bestBuyLink": "https://clickc.admaster.com.cn/c/a109109,b2604323,c166,i0,m101,8a1,8b2,h,uhttps://ccc-x.jd.com/dsp/cl?posid=1999&v=707&union_id=1000027280&pid=1134&tagid=100637&to=https://item.jd.com/12839756501.html"
        },
        {
            "topicId": 1816858,
            "title": "京东PLUS会员： submarine 潜水艇 GK50-10 不锈钢防臭地漏",
            "shortTitle": "潜水艇 GK50-10 不锈钢防臭地漏",
            "overdueStatus": 0,
            "showPicForApp": 0,
            "favoriteCount": 0,
            "goodCount": 1,
            "createName": "fourx2003",
            "section": 0,
            "topSection": 0,
            "mallName": "京东",
            "mallId": 1,
            "price": "69",
            "pubDate": 1531272886000,
            "createNamePrefix": "fourx2003",
            "endTime": 0,
            "channelId": "9524",
            "imagesForList": [],
            "hasCoupon": 0,
            "cover": "https://img.pconline.com.cn/images/upload/upc/tx/pc_best/1807/11/c8/96756610_1531272332653.jpg",
            "hdCover": "",
            "isOfficialPurchasing": 0,
            "synopsis": "Submarine潜水艇是国内致力于室内装修五金配件，如地漏、角阀等产品都有涉及，在国内口碑较好。这款型号为“GK50-10”专为浴室设计，上层金属部分采用304不锈钢材质，表面经拉丝工艺处理，设有镂空面板可迅速排水，并有效过滤出头发等杂物，避免堵塞；地漏芯采用ABS工程塑料，材质耐用，采用磁吸技术，增强密封性，做到防虫防臭，并可单独取出清洁。面板尺寸100*100mm。 目前京东PLUS会员售价69元，属于近期单买好价。适合安置在卫生间使用，诸多人性化设计，如地漏芯可取出设计，方便日常对地漏清洁，作",
            "artUrl": "http://best.pconline.com.cn/youhui/1816858.html",
            "showSource": 1,
            "couponPrice": 0,
            "bestBuyLink": "https://clickc.admaster.com.cn/c/a109225,b2608511,c166,i0,m101,8a1,8b2,h,uhttps://ccc-x.jd.com/dsp/cl?posid=1999&v=707&union_id=1000210271&pid=1131&tagid=100637&to=https://item.jd.com/907127.html"
        },
        {
            "topicId": 1816806,
            "title": "Sihoo 西昊 KD15+K15 儿童学习桌椅套装",
            "shortTitle": "西昊 KD15+K15 儿童学习桌椅套装",
            "overdueStatus": 0,
            "showPicForApp": 0,
            "favoriteCount": 0,
            "goodCount": 0,
            "createName": "fourx2003",
            "section": 0,
            "topSection": 0,
            "mallName": "亚马逊中国",
            "mallId": 4,
            "price": "1888.8",
            "pubDate": 1531272378000,
            "createNamePrefix": "fourx2003",
            "endTime": 0,
            "channelId": "9524",
            "imagesForList": [],
            "hasCoupon": 0,
            "cover": "https://img.pconline.com.cn/images/upload/upc/tx/pc_best/1807/11/c6/96754917_1531271721203.jpg",
            "hdCover": "",
            "isOfficialPurchasing": 0,
            "synopsis": "sihoo 西昊这款儿童学习桌椅套装，有粉色和蓝色两款，桌长120cm，可手摇快速升降、高低可调；桌面采用美国富美家防火板，耐磨易清洁，可以直接用水性笔在桌面做画；哑光护眼面板，双层大书架、全钢构桌垫、安全圆弧包边设计以及带抽屉收纳设计； 套装中带扶手学习座椅，底座有足部支撑设计，给孩子一个舒适的坐姿，椅背贴合孩子背部，高度和坐垫都可以调节，有追背设计，适合不同身形不同年龄的孩子使用。座椅椅套拆洗方便，带重力自锁轮，坐垫填充高回弹定型棉。 关于尺寸：书桌桌面120*67cm，升降高度52-76cm；",
            "artUrl": "http://best.pconline.com.cn/youhui/1816806.html",
            "showSource": 1,
            "couponPrice": 0,
            "bestBuyLink": "https://www.amazon.cn/dp/B01N9E18W3?tag=pconlineapp1-23"
        },
        {
            "topicId": 1816833,
            "title": "LEGO 乐高 21132 我的世界系列 丛林寺庙 +凑单品",
            "shortTitle": "乐高 我的世界系列 丛林寺庙",
            "overdueStatus": 0,
            "showPicForApp": 0,
            "favoriteCount": 0,
            "goodCount": 0,
            "createName": "张宁1979",
            "section": 0,
            "topSection": 0,
            "mallName": "网易考拉海购",
            "mallId": 261,
            "price": "277",
            "pubDate": 1531272357000,
            "createNamePrefix": "张宁1979",
            "endTime": 0,
            "channelId": "9524",
            "imagesForList": [],
            "hasCoupon": 0,
            "cover": "https://img.pconline.com.cn/images/upload/upc/tx/pc_best/1807/11/c7/96756174_1531272008748.jpg",
            "hdCover": "",
            "isOfficialPurchasing": 0,
            "synopsis": "我的世界主题，凑单好价~ LEGO乐高是来自丹麦有着近百年历史的著名的拼插类玩具品牌，产品畅销全世界。这款6174356是2017年2月新上市的产品，该系列主打我的世界游戏主题，涵括了雪山丛林海滩等众多游戏中熟悉的场景。这款拼装完成尺寸约12x23x20厘米，共含598个颗粒，宠物和人偶有4个、拆件器1个。 网易考拉目前这款乐高售价568元，参加每满199-100满减活动，还可页面可领取的299-30优惠券，凑单一件我的世界僵尸汽车，下单实付277元包邮包税的入手好价，有喜欢我的世界主题的朋友可以入手。",
            "artUrl": "http://best.pconline.com.cn/youhui/1816833.html",
            "showSource": 1,
            "couponPrice": 0,
            "bestBuyLink": "http://cps.kaola.com/cps/login?unionId=999684137939&uid=&trackingCode=&targetUrl=https://goods.kaola.com/product/1510643.html"
        },
        {
            "topicId": 1816851,
            "title": "限地区： 伊利 畅轻 褐色炭烧风味酸奶 250g",
            "shortTitle": "伊利 畅轻 褐色炭烧风味酸奶",
            "overdueStatus": 0,
            "showPicForApp": 0,
            "favoriteCount": 0,
            "goodCount": 2,
            "createName": "fourx2003",
            "section": 0,
            "topSection": 0,
            "mallName": "京东",
            "mallId": 1,
            "price": "8.5",
            "pubDate": 1531272326000,
            "createNamePrefix": "fourx2003",
            "endTime": 0,
            "channelId": "9524",
            "imagesForList": [],
            "hasCoupon": 0,
            "cover": "https://img.pconline.com.cn/images/upload/upc/tx/pc_best/1807/11/c7/96756375_1531272120160.jpg",
            "hdCover": "",
            "isOfficialPurchasing": 0,
            "synopsis": "伊利是内蒙古伊利实业集团股份有限公司旗下主打品牌，起源于1956年并于1993年在内蒙成立。伊利产品线涵盖纯牛奶、乳饮料、雪糕、冰淇淋、奶粉、奶茶粉、酸奶、奶酪等多品类。畅轻酸奶甄选发酵生牛乳与燕麦、混合果粒果酱调制而成，奶香浓郁、果粒香甜。 京东目前售价8.5元，参加买二送一的活动，满79-15，还可叠加159-50的优惠券（页面领取），可折至3.2元/瓶，入手低价，喜欢的聚友可凑单购买~",
            "artUrl": "http://best.pconline.com.cn/youhui/1816851.html",
            "showSource": 1,
            "couponPrice": 0,
            "bestBuyLink": "https://clickc.admaster.com.cn/c/a109109,b2604323,c166,i0,m101,8a1,8b2,h,uhttps://ccc-x.jd.com/dsp/cl?posid=1999&v=707&union_id=1000027280&pid=1134&tagid=100637&to=https://item.jd.com/6099974.html"
        },
        {
            "topicId": 1816832,
            "title": "yeelight LED智能灯泡 彩光版 9W",
            "shortTitle": "yeelightLED智能灯泡",
            "overdueStatus": 0,
            "showPicForApp": 0,
            "favoriteCount": 0,
            "goodCount": 1,
            "createName": "误入凡尘202",
            "section": 0,
            "topSection": 0,
            "mallName": "苏宁易购",
            "mallId": 2,
            "price": "80",
            "pubDate": 1531272211000,
            "createNamePrefix": "误入凡尘202",
            "endTime": 0,
            "channelId": "9524",
            "imagesForList": [],
            "hasCoupon": 0,
            "cover": "https://img.pconline.com.cn/images/upload/upc/tx/pc_best/1807/11/c7/96756092_1531271987142.jpg",
            "hdCover": "",
            "isOfficialPurchasing": 0,
            "synopsis": "这款Yeelight智能彩光灯泡，采用专业的光学结构，配合高品质LED灯珠，可让光源始终保持稳定，无可视频闪，令眼睛得到充分呵护。同事，色温可在1700K与6500K之间任意调节，明暗亮度也可以根据自己的需要任意调节，让灯光随你需要的变化而变化。手机远程随时遥控，11年使用寿命。产品功率9W，E27螺口。 苏宁易购目前页面价格为100元，下单立减20元，实付80元，价格不错，喜欢的聚友可以关注~",
            "artUrl": "http://best.pconline.com.cn/youhui/1816832.html",
            "showSource": 1,
            "couponPrice": 0,
            "bestBuyLink": "https://product.suning.com/0000000000/601328649.html?utm_source=zq-pconline&utm_medium=tongxun-rxnr"
        },
        {
            "topicId": 1816830,
            "title": "CALVIN KLEIN 卡尔文·克莱 Formality K4M276C3 男士时装腕表",
            "shortTitle": "卡尔文·克莱 男士时装腕表",
            "overdueStatus": 0,
            "showPicForApp": 0,
            "favoriteCount": 0,
            "goodCount": 0,
            "createName": "张宁1979",
            "section": 0,
            "topSection": 0,
            "mallName": "Ashford",
            "mallId": 0,
            "price": "85",
            "pubDate": 1531272191000,
            "createNamePrefix": "张宁1979",
            "endTime": 0,
            "channelId": "9524",
            "imagesForList": [],
            "hasCoupon": 0,
            "cover": "https://img.pconline.com.cn/images/upload/upc/tx/pc_best/1807/11/c7/96755296_1531271899228.jpg",
            "hdCover": "",
            "isOfficialPurchasing": 0,
            "synopsis": "三眼设计，色调统一，低调大方~ 美国知名设计师品牌Calvin Klein的腕表实际由斯沃琪出品，瑞士原产，品质有所保证，设计上秉承了CK一贯的独到时尚风格，简约优雅而富有现代感。 这款FormalityK4M276C3 男士时装腕表，采用了石英机芯，三眼设计，分别是30 分钟显示、1/10 秒计时表盘、小秒针指示，四点钟有日期小窗。黑色表盘，皮质表带，质感舒适，与表盘保持统一感也兼具层次感，低调大方，43mm表径，厚约14mm，50m生活防水。 Ashford目前售价128美元，下单时输入优惠码“DM",
            "artUrl": "http://best.pconline.com.cn/youhui/1816830.html",
            "showSource": 1,
            "couponPrice": 0,
            "bestBuyLink": "http://www.jdoqocy.com/click-7721426-10870161?sid=ou&url=https%3A%2F%2Fzh.ashford.com%2Fus%2FK4M276C3.pid"
        },
        {
            "topicId": 1816805,
            "title": "中亚Prime会员： Nutrilon 荷兰诺优能 婴幼儿奶粉 3段 800g",
            "shortTitle": "荷兰诺优能 婴幼儿奶粉",
            "overdueStatus": 0,
            "showPicForApp": 0,
            "favoriteCount": 0,
            "goodCount": 0,
            "createName": "张宁1979",
            "section": 0,
            "topSection": 0,
            "mallName": "亚马逊中国",
            "mallId": 4,
            "price": "88.8",
            "pubDate": 1531271955000,
            "createNamePrefix": "张宁1979",
            "endTime": 0,
            "channelId": "9524",
            "imagesForList": [],
            "hasCoupon": 0,
            "cover": "https://img.pconline.com.cn/images/upload/upc/tx/pc_best/1807/11/c7/96755151_1531271741772.jpg",
            "hdCover": "",
            "isOfficialPurchasing": 0,
            "synopsis": "按母乳比例来添加DHA,单买好价。 NUTRILON 诺优能是已有100多年历史的荷兰健康制奶品牌，一直致力于婴幼儿营养产品的发展和研究。这款3段婴幼儿配方奶粉，含独特的益生元能促进肠道益生菌生长，多种天然维生素有助增强抵抗力，使婴儿健康成长，成份内没有添加蔗糖，口味纯正，适合10—12个月的宝宝。规格：800g。 亚马逊中国目前售价111元，pime会员下单享8折优惠，实际支付88.8元包邮，单买好价，有需要的家长可以关注。",
            "artUrl": "http://best.pconline.com.cn/youhui/1816805.html",
            "showSource": 1,
            "couponPrice": 0,
            "bestBuyLink": "https://www.amazon.cn/dp/B013AIS2NU?tag=pconlinehwg-23"
        },
        {
            "topicId": 1816802,
            "title": "GROVE 柯罗芙 牛油果油 250ml",
            "shortTitle": "GROVE 柯罗芙 牛油果油",
            "overdueStatus": 0,
            "showPicForApp": 0,
            "favoriteCount": 0,
            "goodCount": 0,
            "createName": "误入凡尘202",
            "section": 0,
            "topSection": 0,
            "mallName": "亚马逊中国",
            "mallId": 4,
            "price": "99",
            "pubDate": 1531271762000,
            "createNamePrefix": "误入凡尘202",
            "endTime": 0,
            "channelId": "9524",
            "imagesForList": [],
            "hasCoupon": 0,
            "cover": "https://img.pconline.com.cn/images/upload/upc/tx/pc_best/1807/11/c6/96753409_1531271440615.jpg",
            "hdCover": "",
            "isOfficialPurchasing": 0,
            "synopsis": "GROVE 柯罗芙是全世界首批采用冷榨工艺的品牌之一，这款新西兰牛油果油最大限度的保留了新鲜牛油果油的营养风味，经过严格检测后的冷榨果油，注入暗色瓶子，以保护果油的新鲜和风味，确保滴滴都拥有美味口感，含多种维生素，适合4个月以上幼儿及孕妇食用。规格：250ml。 亚马逊中国目前售价99元包邮，近期好价，需要的聚友可以了解一下~",
            "artUrl": "http://best.pconline.com.cn/youhui/1816802.html",
            "showSource": 1,
            "couponPrice": 0,
            "bestBuyLink": "https://www.amazon.cn/dp/B008M4MUC2?tag=pconlineapp1-23"
        },
        {
            "topicId": 1816803,
            "title": "KOTIN 京天 DIY台式主机（i5-8500、8G、180G、GTX1060 5G）",
            "shortTitle": "京天 DIY台式主机",
            "overdueStatus": 0,
            "showPicForApp": 0,
            "favoriteCount": 0,
            "goodCount": 1,
            "createName": "qz27223514",
            "section": 0,
            "topSection": 0,
            "mallName": "京东",
            "mallId": 1,
            "price": "4099",
            "pubDate": 1531271523000,
            "createNamePrefix": "qz27223514",
            "endTime": 0,
            "channelId": "9524",
            "imagesForList": [],
            "hasCoupon": 0,
            "cover": "https://img.pconline.com.cn/images/upload/upc/tx/pc_best/1807/09/c10/96447524_1531100018086.jpg",
            "hdCover": "",
            "isOfficialPurchasing": 0,
            "synopsis": "这款KOTIN 京天 台式DIY主机，搭载14nm制程的六核六线程英特尔i5-8500处理器，采用华硕B360M-BASALT主板，8G DDR4 2666高频内存，1800G固态硬盘，以及七彩虹GTX1060 5G显卡，面对主流的网络游戏足以畅玩。 京东现在售价4199元，价格下方可领取100元优惠券，实付4099元包邮。",
            "artUrl": "http://best.pconline.com.cn/youhui/1816803.html",
            "showSource": 1,
            "couponPrice": 0,
            "bestBuyLink": "https://clickc.admaster.com.cn/c/a109109,b2604323,c166,i0,m101,8a1,8b2,h,uhttps://ccc-x.jd.com/dsp/cl?posid=1999&v=707&union_id=1000027280&pid=1134&tagid=100637&to=https://item.jd.com/12719381636.html"
        },
        {
            "topicId": 1816664,
            "title": "营田 家有爹娘 盘锦蟹田大米 5KG",
            "shortTitle": "营田 家有爹娘 盘锦蟹田大米",
            "overdueStatus": 0,
            "showPicForApp": 0,
            "favoriteCount": 0,
            "goodCount": 2,
            "createName": "聚小编-猪肉丸",
            "section": 0,
            "topSection": 0,
            "mallName": "京东",
            "mallId": 1,
            "price": "24.9",
            "pubDate": 1531270807000,
            "createNamePrefix": "聚小编-猪肉丸",
            "endTime": 0,
            "channelId": "9524",
            "imagesForList": [],
            "hasCoupon": 0,
            "cover": "https://img.pconline.com.cn/images/upload/upc/tx/pc_best/1807/11/c3/96738644_1531266897404.jpg",
            "hdCover": "",
            "isOfficialPurchasing": 0,
            "synopsis": "营田 家有爹娘 盘锦蟹田大米，产自盘锦市，外形圆润饱满，口感软糯有嚼劲。采用GBT 18824 地理标志产品 盘锦大米标准。质量等级：优质一等（该国标中质量等级从高到底分为：特等、优质一等、优质二等）。 京东特价24.9元，10斤装，东北大米，不错的价格，不错的品质，需要可入手。",
            "artUrl": "http://best.pconline.com.cn/youhui/1816664.html",
            "showSource": 1,
            "couponPrice": 0,
            "bestBuyLink": "https://clickc.admaster.com.cn/c/a109693,b2618371,c166,i0,m101,8a1,8b3,h,uhttps://ccc-x.jd.com/dsp/cl?posid=1999&v=707&union_id=1000023388&pid=1214&tagid=100637&to=https://item.jd.com/5321052.html"
        }
    ],
    "pageSize": 20,
    "msg": "请求成功",
    "isBuySwitchOn": 1
}